{
    "undistort": {
        "pixel2cm": 0.1,
        "parameters": {
            "intrinsic": [
                [
                    888.4824969755617,
                    0.0,
                    646.293216186406
                ],
                [
                    0.0,
                    895.6032733755856,
                    360.08504999005737
                ],
                [
                    0.0,
                    0.0,
                    1.0
                ]
            ],
            "distortion coef.": [
                [
                    -0.4459093017222991,
                    0.4357145969346914,
                    -0.020208310598642268,
                    -0.016604688760796064,
                    -0.29724371022383067
                ]
            ]
        }
    }
}